{"cameraMode":{"drawMode":0,"name":"Shaded","section":"Shading Mode"},"sceneLighting":true,"audioPlay":false,"sceneViewState":{"m_AlwaysRefresh":false,"showFog":true,"showSkybox":true,"showFlares":true,"showImageEffects":true,"showParticleSystems":true,"showVisualEffectGraphs":true,"m_FxEnabled":true},"in2DMode":false,"pivot":{"x":0.5369926691055298,"y":2.7074294090270998,"z":-8.971055030822754},"rotation":{"x":0.17843687534332276,"y":-0.002952209208160639,"z":0.0005354294553399086,"w":0.9839506149291992},"size":2.0531747341156008,"orthographic":false}